url,loc,lastmod,changefreq,priority
,https://www.exemplo.com.br,10/03/2022,daily,0.5
,https://www.exemplo.com.br,10/03/2022,daily,0.5
,https://www.exemplo.com.br,10/03/2022,daily,0.5
,https://www.exemplo.com.br,10/03/2022,daily,0.5
,https://www.exemplo.com.br,10/03/2022,daily,0.5
,https://www.exemplo.com.br,10/03/2022,daily,0.5
,https://www.exemplo.com.br,10/03/2022,daily,0.5
,https://www.exemplo.com.br,10/03/2022,daily,0.5
,https://www.exemplo.com.br,10/03/2022,daily,0.5
,https://www.exemplo.com.br,10/03/2022,daily,0.5
,https://www.exemplo.com.br,10/03/2022,daily,0.5
,https://www.exemplo.com.br,10/03/2022,daily,0.5
,https://www.exemplo.com.br,10/03/2022,daily,0.5
,https://www.exemplo.com.br,10/03/2022,daily,0.5
,https://www.exemplo.com.br,10/03/2022,daily,0.5
,https://www.exemplo.com.br,10/03/2022,daily,0.5
,https://www.exemplo.com.br,10/03/2022,daily,0.5
,https://www.exemplo.com.br,10/03/2022,daily,0.5
,https://www.exemplo.com.br,10/03/2022,daily,0.5
,https://www.exemplo.com.br,10/03/2022,daily,0.5
,https://www.exemplo.com.br,10/03/2022,daily,0.5
,https://www.exemplo.com.br,10/03/2022,daily,0.5
,https://www.exemplo.com.br,10/03/2022,daily,0.5
,https://www.exemplo.com.br,10/03/2022,daily,0.5
,https://www.exemplo.com.br,10/03/2022,daily,0.5
,https://www.exemplo.com.br,10/03/2022,daily,0.5
,https://www.exemplo.com.br,10/03/2022,daily,0.5
,https://www.exemplo.com.br,10/03/2022,daily,0.5
,https://www.exemplo.com.br,10/03/2022,daily,0.5
,https://www.exemplo.com.br,10/03/2022,daily,0.5
,https://www.exemplo.com.br,10/03/2022,daily,0.5
,https://www.exemplo.com.br,10/03/2022,daily,0.5
,https://www.exemplo.com.br,10/03/2022,daily,0.5
,https://www.exemplo.com.br,10/03/2022,daily,0.5
,https://www.exemplo.com.br,10/03/2022,daily,0.5
,https://www.exemplo.com.br,10/03/2022,daily,0.5
,https://www.exemplo.com.br,10/03/2022,daily,0.5
,https://www.exemplo.com.br,10/03/2022,daily,0.5
,https://www.exemplo.com.br,10/03/2022,daily,0.5
,https://www.exemplo.com.br,10/03/2022,daily,0.5
,https://www.exemplo.com.br,10/03/2022,daily,0.5
,https://www.exemplo.com.br,10/03/2022,daily,0.5
,https://www.exemplo.com.br,10/03/2022,daily,0.5
,https://www.exemplo.com.br,10/03/2022,daily,0.5
,https://www.exemplo.com.br,10/03/2022,daily,0.5
,https://www.exemplo.com.br,10/03/2022,daily,0.5
,https://www.exemplo.com.br,10/03/2022,daily,0.5
,https://www.exemplo.com.br,10/03/2022,daily,0.5
,https://www.exemplo.com.br,10/03/2022,daily,0.5
,https://www.exemplo.com.br,10/03/2022,daily,0.5
,https://www.exemplo.com.br,10/03/2022,daily,0.5
,https://www.exemplo.com.br,10/03/2022,daily,0.5
,https://www.exemplo.com.br,10/03/2022,daily,0.5
,https://www.exemplo.com.br,10/03/2022,daily,0.5
,https://www.exemplo.com.br,10/03/2022,daily,0.5
,https://www.exemplo.com.br,10/03/2022,daily,0.5
,https://www.exemplo.com.br,10/03/2022,daily,0.5
,https://www.exemplo.com.br,10/03/2022,daily,0.5
,https://www.exemplo.com.br,10/03/2022,daily,0.5
,https://www.exemplo.com.br,10/03/2022,daily,0.5
,https://www.exemplo.com.br,10/03/2022,daily,0.5
,https://www.exemplo.com.br,10/03/2022,daily,0.5
,https://www.exemplo.com.br,10/03/2022,daily,0.5
,https://www.exemplo.com.br,10/03/2022,daily,0.5
,https://www.exemplo.com.br,10/03/2022,daily,0.5
,https://www.exemplo.com.br,10/03/2022,daily,0.5
,https://www.exemplo.com.br,10/03/2022,daily,0.5
,https://www.exemplo.com.br,10/03/2022,daily,0.5
,https://www.exemplo.com.br,10/03/2022,daily,0.5
,https://www.exemplo.com.br,10/03/2022,daily,0.5
,https://www.exemplo.com.br,10/03/2022,daily,0.5
,https://www.exemplo.com.br,10/03/2022,daily,0.5
,https://www.exemplo.com.br,10/03/2022,daily,0.5
,https://www.exemplo.com.br,10/03/2022,daily,0.5
,https://www.exemplo.com.br,10/03/2022,daily,0.5
,https://www.exemplo.com.br,10/03/2022,daily,0.5
,https://www.exemplo.com.br,10/03/2022,daily,0.5
,https://www.exemplo.com.br,10/03/2022,daily,0.5
,https://www.exemplo.com.br,10/03/2022,daily,0.5
,https://www.exemplo.com.br,10/03/2022,daily,0.5
,https://www.exemplo.com.br,10/03/2022,daily,0.5
,https://www.exemplo.com.br,10/03/2022,daily,0.5
,https://www.exemplo.com.br,10/03/2022,daily,0.5
,https://www.exemplo.com.br,10/03/2022,daily,0.5
,https://www.exemplo.com.br,10/03/2022,daily,0.5
,https://www.exemplo.com.br,10/03/2022,daily,0.5
,https://www.exemplo.com.br,10/03/2022,daily,0.5
,https://www.exemplo.com.br,10/03/2022,daily,0.5
,https://www.exemplo.com.br,10/03/2022,daily,0.5
,https://www.exemplo.com.br,10/03/2022,daily,0.5
,https://www.exemplo.com.br,10/03/2022,daily,0.5
,https://www.exemplo.com.br,10/03/2022,daily,0.5
,https://www.exemplo.com.br,10/03/2022,daily,0.5
,https://www.exemplo.com.br,10/03/2022,daily,0.5
,https://www.exemplo.com.br,10/03/2022,daily,0.5
,https://www.exemplo.com.br,10/03/2022,daily,0.5
,https://www.exemplo.com.br,10/03/2022,daily,0.5
,https://www.exemplo.com.br,10/03/2022,daily,0.5
,https://www.exemplo.com.br,10/03/2022,daily,0.5
,https://www.exemplo.com.br,10/03/2022,daily,0.5
,https://www.exemplo.com.br,10/03/2022,daily,0.5
,https://www.exemplo.com.br,10/03/2022,daily,0.5
,https://www.exemplo.com.br,10/03/2022,daily,0.5
,https://www.exemplo.com.br,10/03/2022,daily,0.5
,https://www.exemplo.com.br,10/03/2022,daily,0.5
,https://www.exemplo.com.br,10/03/2022,daily,0.5
,https://www.exemplo.com.br,10/03/2022,daily,0.5
,https://www.exemplo.com.br,10/03/2022,daily,0.5
,https://www.exemplo.com.br,10/03/2022,daily,0.5
,https://www.exemplo.com.br,10/03/2022,daily,0.5
,https://www.exemplo.com.br,10/03/2022,daily,0.5
,https://www.exemplo.com.br,10/03/2022,daily,0.5
,https://www.exemplo.com.br,10/03/2022,daily,0.5
,https://www.exemplo.com.br,10/03/2022,daily,0.5
,https://www.exemplo.com.br,10/03/2022,daily,0.5
,https://www.exemplo.com.br,10/03/2022,daily,0.5
,https://www.exemplo.com.br,10/03/2022,daily,0.5
,https://www.exemplo.com.br,10/03/2022,daily,0.5
,https://www.exemplo.com.br,10/03/2022,daily,0.5
,https://www.exemplo.com.br,10/03/2022,daily,0.5
,https://www.exemplo.com.br,10/03/2022,daily,0.5
,https://www.exemplo.com.br,10/03/2022,daily,0.5
,https://www.exemplo.com.br,10/03/2022,daily,0.5
,https://www.exemplo.com.br,10/03/2022,daily,0.5
,https://www.exemplo.com.br,10/03/2022,daily,0.5
,https://www.exemplo.com.br,10/03/2022,daily,0.5
,https://www.exemplo.com.br,10/03/2022,daily,0.5
,https://www.exemplo.com.br,10/03/2022,daily,0.5
,https://www.exemplo.com.br,10/03/2022,daily,0.5
,https://www.exemplo.com.br,10/03/2022,daily,0.5
,https://www.exemplo.com.br,10/03/2022,daily,0.5
,https://www.exemplo.com.br,10/03/2022,daily,0.5
,https://www.exemplo.com.br,10/03/2022,daily,0.5
,https://www.exemplo.com.br,10/03/2022,daily,0.5
,https://www.exemplo.com.br,10/03/2022,daily,0.5
,https://www.exemplo.com.br,10/03/2022,daily,0.5
,https://www.exemplo.com.br,10/03/2022,daily,0.5
,https://www.exemplo.com.br,10/03/2022,daily,0.5
,https://www.exemplo.com.br,10/03/2022,daily,0.5
,https://www.exemplo.com.br,10/03/2022,daily,0.5
,https://www.exemplo.com.br,10/03/2022,daily,0.5
,https://www.exemplo.com.br,10/03/2022,daily,0.5
,https://www.exemplo.com.br,10/03/2022,daily,0.5
,https://www.exemplo.com.br,10/03/2022,daily,0.5
,https://www.exemplo.com.br,10/03/2022,daily,0.5
,https://www.exemplo.com.br,10/03/2022,daily,0.5
,https://www.exemplo.com.br,10/03/2022,daily,0.5
,https://www.exemplo.com.br,10/03/2022,daily,0.5
,https://www.exemplo.com.br,10/03/2022,daily,0.5
,https://www.exemplo.com.br,10/03/2022,daily,0.5
,https://www.exemplo.com.br,10/03/2022,daily,0.5
,https://www.exemplo.com.br,10/03/2022,daily,0.5
,https://www.exemplo.com.br,10/03/2022,daily,0.5
,https://www.exemplo.com.br,10/03/2022,daily,0.5
,https://www.exemplo.com.br,10/03/2022,daily,0.5
,https://www.exemplo.com.br,10/03/2022,daily,0.5
,https://www.exemplo.com.br,10/03/2022,daily,0.5
,https://www.exemplo.com.br,10/03/2022,daily,0.5
,https://www.exemplo.com.br,10/03/2022,daily,0.5
,https://www.exemplo.com.br,10/03/2022,daily,0.5
,https://www.exemplo.com.br,10/03/2022,daily,0.5
,https://www.exemplo.com.br,10/03/2022,daily,0.5
,https://www.exemplo.com.br,10/03/2022,daily,0.5
,https://www.exemplo.com.br,10/03/2022,daily,0.5
,https://www.exemplo.com.br,10/03/2022,daily,0.5
,https://www.exemplo.com.br,10/03/2022,daily,0.5
,https://www.exemplo.com.br,10/03/2022,daily,0.5
,https://www.exemplo.com.br,10/03/2022,daily,0.5
,https://www.exemplo.com.br,10/03/2022,daily,0.5
,https://www.exemplo.com.br,10/03/2022,daily,0.5
,https://www.exemplo.com.br,10/03/2022,daily,0.5
,https://www.exemplo.com.br,10/03/2022,daily,0.5
,https://www.exemplo.com.br,10/03/2022,daily,0.5
,https://www.exemplo.com.br,10/03/2022,daily,0.5
,https://www.exemplo.com.br,10/03/2022,daily,0.5
,https://www.exemplo.com.br,10/03/2022,daily,0.5
,https://www.exemplo.com.br,10/03/2022,daily,0.5
,https://www.exemplo.com.br,10/03/2022,daily,0.5
,https://www.exemplo.com.br,10/03/2022,daily,0.5
,https://www.exemplo.com.br,10/03/2022,daily,0.5
,https://www.exemplo.com.br,10/03/2022,daily,0.5
,https://www.exemplo.com.br,10/03/2022,daily,0.5
,https://www.exemplo.com.br,10/03/2022,daily,0.5
,https://www.exemplo.com.br,10/03/2022,daily,0.5
,https://www.exemplo.com.br,10/03/2022,daily,0.5
,https://www.exemplo.com.br,10/03/2022,daily,0.5
,https://www.exemplo.com.br,10/03/2022,daily,0.5
,https://www.exemplo.com.br,10/03/2022,daily,0.5
,https://www.exemplo.com.br,10/03/2022,daily,0.5
,https://www.exemplo.com.br,10/03/2022,daily,0.5
,https://www.exemplo.com.br,10/03/2022,daily,0.5
,https://www.exemplo.com.br,10/03/2022,daily,0.5
,https://www.exemplo.com.br,10/03/2022,daily,0.5
,https://www.exemplo.com.br,10/03/2022,daily,0.5
,https://www.exemplo.com.br,10/03/2022,daily,0.5
,https://www.exemplo.com.br,10/03/2022,daily,0.5
,https://www.exemplo.com.br,10/03/2022,daily,0.5
,https://www.exemplo.com.br,10/03/2022,daily,0.5
,https://www.exemplo.com.br,10/03/2022,daily,0.5
,https://www.exemplo.com.br,10/03/2022,daily,0.5
,https://www.exemplo.com.br,10/03/2022,daily,0.5
,https://www.exemplo.com.br,10/03/2022,daily,0.5
,https://www.exemplo.com.br,10/03/2022,daily,0.5
,https://www.exemplo.com.br,10/03/2022,daily,0.5
,https://www.exemplo.com.br,10/03/2022,daily,0.5
,https://www.exemplo.com.br,10/03/2022,daily,0.5
,https://www.exemplo.com.br,10/03/2022,daily,0.5
,https://www.exemplo.com.br,10/03/2022,daily,0.5
,https://www.exemplo.com.br,10/03/2022,daily,0.5
,https://www.exemplo.com.br,10/03/2022,daily,0.5
,https://www.exemplo.com.br,10/03/2022,daily,0.5
,https://www.exemplo.com.br,10/03/2022,daily,0.5
,https://www.exemplo.com.br,10/03/2022,daily,0.5
,https://www.exemplo.com.br,10/03/2022,daily,0.5
,https://www.exemplo.com.br,10/03/2022,daily,0.5
,https://www.exemplo.com.br,10/03/2022,daily,0.5
,https://www.exemplo.com.br,10/03/2022,daily,0.5
,https://www.exemplo.com.br,10/03/2022,daily,0.5
,https://www.exemplo.com.br,10/03/2022,daily,0.5
,https://www.exemplo.com.br,10/03/2022,daily,0.5
,https://www.exemplo.com.br,10/03/2022,daily,0.5
,https://www.exemplo.com.br,10/03/2022,daily,0.5
,https://www.exemplo.com.br,10/03/2022,daily,0.5
,https://www.exemplo.com.br,10/03/2022,daily,0.5
,https://www.exemplo.com.br,10/03/2022,daily,0.5
,https://www.exemplo.com.br,10/03/2022,daily,0.5
,https://www.exemplo.com.br,10/03/2022,daily,0.5
,https://www.exemplo.com.br,10/03/2022,daily,0.5
,https://www.exemplo.com.br,10/03/2022,daily,0.5
,https://www.exemplo.com.br,10/03/2022,daily,0.5
,https://www.exemplo.com.br,10/03/2022,daily,0.5
,https://www.exemplo.com.br,10/03/2022,daily,0.5
,https://www.exemplo.com.br,10/03/2022,daily,0.5
,https://www.exemplo.com.br,10/03/2022,daily,0.5
,https://www.exemplo.com.br,10/03/2022,daily,0.5
,https://www.exemplo.com.br,10/03/2022,daily,0.5
,https://www.exemplo.com.br,10/03/2022,daily,0.5
,https://www.exemplo.com.br,10/03/2022,daily,0.5
,https://www.exemplo.com.br,10/03/2022,daily,0.5
,https://www.exemplo.com.br,10/03/2022,daily,0.5
,https://www.exemplo.com.br,10/03/2022,daily,0.5
,https://www.exemplo.com.br,10/03/2022,daily,0.5
,https://www.exemplo.com.br,10/03/2022,daily,0.5
,https://www.exemplo.com.br,10/03/2022,daily,0.5
,https://www.exemplo.com.br,10/03/2022,daily,0.5
,https://www.exemplo.com.br,10/03/2022,daily,0.5
,https://www.exemplo.com.br,10/03/2022,daily,0.5
,https://www.exemplo.com.br,10/03/2022,daily,0.5
,https://www.exemplo.com.br,10/03/2022,daily,0.5
,https://www.exemplo.com.br,10/03/2022,daily,0.5
,https://www.exemplo.com.br,10/03/2022,daily,0.5
,https://www.exemplo.com.br,10/03/2022,daily,0.5
,https://www.exemplo.com.br,10/03/2022,daily,0.5
,https://www.exemplo.com.br,10/03/2022,daily,0.5
,https://www.exemplo.com.br,10/03/2022,daily,0.5
,https://www.exemplo.com.br,10/03/2022,daily,0.5
,https://www.exemplo.com.br,10/03/2022,daily,0.5
,https://www.exemplo.com.br,10/03/2022,daily,0.5
,https://www.exemplo.com.br,10/03/2022,daily,0.5
,https://www.exemplo.com.br,10/03/2022,daily,0.5
,https://www.exemplo.com.br,10/03/2022,daily,0.5
,https://www.exemplo.com.br,10/03/2022,daily,0.5
,https://www.exemplo.com.br,10/03/2022,daily,0.5
,https://www.exemplo.com.br,10/03/2022,daily,0.5
,https://www.exemplo.com.br,10/03/2022,daily,0.5
,https://www.exemplo.com.br,10/03/2022,daily,0.5
,https://www.exemplo.com.br,10/03/2022,daily,0.5
,https://www.exemplo.com.br,10/03/2022,daily,0.5
,https://www.exemplo.com.br,10/03/2022,daily,0.5
,https://www.exemplo.com.br,10/03/2022,daily,0.5
,https://www.exemplo.com.br,10/03/2022,daily,0.5
,https://www.exemplo.com.br,10/03/2022,daily,0.5
,https://www.exemplo.com.br,10/03/2022,daily,0.5
,https://www.exemplo.com.br,10/03/2022,daily,0.5
,https://www.exemplo.com.br,10/03/2022,daily,0.5
,https://www.exemplo.com.br,10/03/2022,daily,0.5
,https://www.exemplo.com.br,10/03/2022,daily,0.5
,https://www.exemplo.com.br,10/03/2022,daily,0.5
,https://www.exemplo.com.br,10/03/2022,daily,0.5
,https://www.exemplo.com.br,10/03/2022,daily,0.5
,https://www.exemplo.com.br,10/03/2022,daily,0.5
,https://www.exemplo.com.br,10/03/2022,daily,0.5
,https://www.exemplo.com.br,10/03/2022,daily,0.5
,https://www.exemplo.com.br,10/03/2022,daily,0.5
,https://www.exemplo.com.br,10/03/2022,daily,0.5
,https://www.exemplo.com.br,10/03/2022,daily,0.5
,https://www.exemplo.com.br,10/03/2022,daily,0.5
,https://www.exemplo.com.br,10/03/2022,daily,0.5
,https://www.exemplo.com.br,10/03/2022,daily,0.5
,https://www.exemplo.com.br,10/03/2022,daily,0.5
,https://www.exemplo.com.br,10/03/2022,daily,0.5
,https://www.exemplo.com.br,10/03/2022,daily,0.5
,https://www.exemplo.com.br,10/03/2022,daily,0.5
,https://www.exemplo.com.br,10/03/2022,daily,0.5
,https://www.exemplo.com.br,10/03/2022,daily,0.5
,https://www.exemplo.com.br,10/03/2022,daily,0.5
,https://www.exemplo.com.br,10/03/2022,daily,0.5
,https://www.exemplo.com.br,10/03/2022,daily,0.5
,https://www.exemplo.com.br,10/03/2022,daily,0.5
,https://www.exemplo.com.br,10/03/2022,daily,0.5
,https://www.exemplo.com.br,10/03/2022,daily,0.5
,https://www.exemplo.com.br,10/03/2022,daily,0.5
,https://www.exemplo.com.br,10/03/2022,daily,0.5
,https://www.exemplo.com.br,10/03/2022,daily,0.5
,https://www.exemplo.com.br,10/03/2022,daily,0.5
,https://www.exemplo.com.br,10/03/2022,daily,0.5
,https://www.exemplo.com.br,10/03/2022,daily,0.5
,https://www.exemplo.com.br,10/03/2022,daily,0.5
,https://www.exemplo.com.br,10/03/2022,daily,0.5
,https://www.exemplo.com.br,10/03/2022,daily,0.5
,https://www.exemplo.com.br,10/03/2022,daily,0.5
,https://www.exemplo.com.br,10/03/2022,daily,0.5
,https://www.exemplo.com.br,10/03/2022,daily,0.5
,https://www.exemplo.com.br,10/03/2022,daily,0.5
,https://www.exemplo.com.br,10/03/2022,daily,0.5
,https://www.exemplo.com.br,10/03/2022,daily,0.5
,https://www.exemplo.com.br,10/03/2022,daily,0.5
,https://www.exemplo.com.br,10/03/2022,daily,0.5
,https://www.exemplo.com.br,10/03/2022,daily,0.5
,https://www.exemplo.com.br,10/03/2022,daily,0.5
,https://www.exemplo.com.br,10/03/2022,daily,0.5
,https://www.exemplo.com.br,10/03/2022,daily,0.5
,https://www.exemplo.com.br,10/03/2022,daily,0.5
,https://www.exemplo.com.br,10/03/2022,daily,0.5
,https://www.exemplo.com.br,10/03/2022,daily,0.5
,https://www.exemplo.com.br,10/03/2022,daily,0.5
,https://www.exemplo.com.br,10/03/2022,daily,0.5
,https://www.exemplo.com.br,10/03/2022,daily,0.5
,https://www.exemplo.com.br,10/03/2022,daily,0.5
,https://www.exemplo.com.br,10/03/2022,daily,0.5
,https://www.exemplo.com.br,10/03/2022,daily,0.5
,https://www.exemplo.com.br,10/03/2022,daily,0.5
,https://www.exemplo.com.br,10/03/2022,daily,0.5
,https://www.exemplo.com.br,10/03/2022,daily,0.5
,https://www.exemplo.com.br,10/03/2022,daily,0.5
,https://www.exemplo.com.br,10/03/2022,daily,0.5
,https://www.exemplo.com.br,10/03/2022,daily,0.5
,https://www.exemplo.com.br,10/03/2022,daily,0.5
,https://www.exemplo.com.br,10/03/2022,daily,0.5
,https://www.exemplo.com.br,10/03/2022,daily,0.5
,https://www.exemplo.com.br,10/03/2022,daily,0.5
,https://www.exemplo.com.br,10/03/2022,daily,0.5
,https://www.exemplo.com.br,10/03/2022,daily,0.5
,https://www.exemplo.com.br,10/03/2022,daily,0.5
,https://www.exemplo.com.br,10/03/2022,daily,0.5
,https://www.exemplo.com.br,10/03/2022,daily,0.5
,https://www.exemplo.com.br,10/03/2022,daily,0.5
,https://www.exemplo.com.br,10/03/2022,daily,0.5
,https://www.exemplo.com.br,10/03/2022,daily,0.5
,https://www.exemplo.com.br,10/03/2022,daily,0.5
,https://www.exemplo.com.br,10/03/2022,daily,0.5
,https://www.exemplo.com.br,10/03/2022,daily,0.5
,https://www.exemplo.com.br,10/03/2022,daily,0.5
,https://www.exemplo.com.br,10/03/2022,daily,0.5
,https://www.exemplo.com.br,10/03/2022,daily,0.5
,https://www.exemplo.com.br,10/03/2022,daily,0.5
,https://www.exemplo.com.br,10/03/2022,daily,0.5
,https://www.exemplo.com.br,10/03/2022,daily,0.5
,https://www.exemplo.com.br,10/03/2022,daily,0.5
,https://www.exemplo.com.br,10/03/2022,daily,0.5
,https://www.exemplo.com.br,10/03/2022,daily,0.5
,https://www.exemplo.com.br,10/03/2022,daily,0.5
,https://www.exemplo.com.br,10/03/2022,daily,0.5
,https://www.exemplo.com.br,10/03/2022,daily,0.5
,https://www.exemplo.com.br,10/03/2022,daily,0.5
,https://www.exemplo.com.br,10/03/2022,daily,0.5
,https://www.exemplo.com.br,10/03/2022,daily,0.5
,https://www.exemplo.com.br,10/03/2022,daily,0.5
,https://www.exemplo.com.br,10/03/2022,daily,0.5
,https://www.exemplo.com.br,10/03/2022,daily,0.5
,https://www.exemplo.com.br,10/03/2022,daily,0.5
,https://www.exemplo.com.br,10/03/2022,daily,0.5
,https://www.exemplo.com.br,10/03/2022,daily,0.5
,https://www.exemplo.com.br,10/03/2022,daily,0.5
,https://www.exemplo.com.br,10/03/2022,daily,0.5
,https://www.exemplo.com.br,10/03/2022,daily,0.5
,https://www.exemplo.com.br,10/03/2022,daily,0.5
,https://www.exemplo.com.br,10/03/2022,daily,0.5
,https://www.exemplo.com.br,10/03/2022,daily,0.5
,https://www.exemplo.com.br,10/03/2022,daily,0.5
,https://www.exemplo.com.br,10/03/2022,daily,0.5
,https://www.exemplo.com.br,10/03/2022,daily,0.5
,https://www.exemplo.com.br,10/03/2022,daily,0.5
,https://www.exemplo.com.br,10/03/2022,daily,0.5
,https://www.exemplo.com.br,10/03/2022,daily,0.5
,https://www.exemplo.com.br,10/03/2022,daily,0.5
,https://www.exemplo.com.br,10/03/2022,daily,0.5
,https://www.exemplo.com.br,10/03/2022,daily,0.5
,https://www.exemplo.com.br,10/03/2022,daily,0.5
,https://www.exemplo.com.br,10/03/2022,daily,0.5
,https://www.exemplo.com.br,10/03/2022,daily,0.5
,https://www.exemplo.com.br,10/03/2022,daily,0.5
,https://www.exemplo.com.br,10/03/2022,daily,0.5
,https://www.exemplo.com.br,10/03/2022,daily,0.5
,https://www.exemplo.com.br,10/03/2022,daily,0.5
,https://www.exemplo.com.br,10/03/2022,daily,0.5
,https://www.exemplo.com.br,10/03/2022,daily,0.5
,https://www.exemplo.com.br,10/03/2022,daily,0.5
,https://www.exemplo.com.br,10/03/2022,daily,0.5
,https://www.exemplo.com.br,10/03/2022,daily,0.5
,https://www.exemplo.com.br,10/03/2022,daily,0.5
,https://www.exemplo.com.br,10/03/2022,daily,0.5
,https://www.exemplo.com.br,10/03/2022,daily,0.5
,https://www.exemplo.com.br,10/03/2022,daily,0.5
,https://www.exemplo.com.br,10/03/2022,daily,0.5
,https://www.exemplo.com.br,10/03/2022,daily,0.5
,https://www.exemplo.com.br,10/03/2022,daily,0.5
,https://www.exemplo.com.br,10/03/2022,daily,0.5
,https://www.exemplo.com.br,10/03/2022,daily,0.5
,https://www.exemplo.com.br,10/03/2022,daily,0.5
,https://www.exemplo.com.br,10/03/2022,daily,0.5
,https://www.exemplo.com.br,10/03/2022,daily,0.5
,https://www.exemplo.com.br,10/03/2022,daily,0.5
,https://www.exemplo.com.br,10/03/2022,daily,0.5
,https://www.exemplo.com.br,10/03/2022,daily,0.5
,https://www.exemplo.com.br,10/03/2022,daily,0.5
,https://www.exemplo.com.br,10/03/2022,daily,0.5
,https://www.exemplo.com.br,10/03/2022,daily,0.5
,https://www.exemplo.com.br,10/03/2022,daily,0.5
,https://www.exemplo.com.br,10/03/2022,daily,0.5
,https://www.exemplo.com.br,10/03/2022,daily,0.5
,https://www.exemplo.com.br,10/03/2022,daily,0.5
,https://www.exemplo.com.br,10/03/2022,daily,0.5
,https://www.exemplo.com.br,10/03/2022,daily,0.5
,https://www.exemplo.com.br,10/03/2022,daily,0.5
,https://www.exemplo.com.br,10/03/2022,daily,0.5
,https://www.exemplo.com.br,10/03/2022,daily,0.5
,https://www.exemplo.com.br,10/03/2022,daily,0.5
,https://www.exemplo.com.br,10/03/2022,daily,0.5
,https://www.exemplo.com.br,10/03/2022,daily,0.5
,https://www.exemplo.com.br,10/03/2022,daily,0.5
,https://www.exemplo.com.br,10/03/2022,daily,0.5
,https://www.exemplo.com.br,10/03/2022,daily,0.5
,https://www.exemplo.com.br,10/03/2022,daily,0.5
,https://www.exemplo.com.br,10/03/2022,daily,0.5
,https://www.exemplo.com.br,10/03/2022,daily,0.5
,https://www.exemplo.com.br,10/03/2022,daily,0.5
,https://www.exemplo.com.br,10/03/2022,daily,0.5
,https://www.exemplo.com.br,10/03/2022,daily,0.5
,https://www.exemplo.com.br,10/03/2022,daily,0.5
,https://www.exemplo.com.br,10/03/2022,daily,0.5
,https://www.exemplo.com.br,10/03/2022,daily,0.5
,https://www.exemplo.com.br,10/03/2022,daily,0.5
,https://www.exemplo.com.br,10/03/2022,daily,0.5
,https://www.exemplo.com.br,10/03/2022,daily,0.5
,https://www.exemplo.com.br,10/03/2022,daily,0.5
,https://www.exemplo.com.br,10/03/2022,daily,0.5
,https://www.exemplo.com.br,10/03/2022,daily,0.5
,https://www.exemplo.com.br,10/03/2022,daily,0.5
,https://www.exemplo.com.br,10/03/2022,daily,0.5
,https://www.exemplo.com.br,10/03/2022,daily,0.5
,https://www.exemplo.com.br,10/03/2022,daily,0.5
,https://www.exemplo.com.br,10/03/2022,daily,0.5
,https://www.exemplo.com.br,10/03/2022,daily,0.5
,https://www.exemplo.com.br,10/03/2022,daily,0.5
,https://www.exemplo.com.br,10/03/2022,daily,0.5
,https://www.exemplo.com.br,10/03/2022,daily,0.5
,https://www.exemplo.com.br,10/03/2022,daily,0.5
,https://www.exemplo.com.br,10/03/2022,daily,0.5
,https://www.exemplo.com.br,10/03/2022,daily,0.5
,https://www.exemplo.com.br,10/03/2022,daily,0.5
,https://www.exemplo.com.br,10/03/2022,daily,0.5
,https://www.exemplo.com.br,10/03/2022,daily,0.5
,https://www.exemplo.com.br,10/03/2022,daily,0.5
,https://www.exemplo.com.br,10/03/2022,daily,0.5
,https://www.exemplo.com.br,10/03/2022,daily,0.5
,https://www.exemplo.com.br,10/03/2022,daily,0.5
,https://www.exemplo.com.br,10/03/2022,daily,0.5
,https://www.exemplo.com.br,10/03/2022,daily,0.5
,https://www.exemplo.com.br,10/03/2022,daily,0.5
,https://www.exemplo.com.br,10/03/2022,daily,0.5
,https://www.exemplo.com.br,10/03/2022,daily,0.5
,https://www.exemplo.com.br,10/03/2022,daily,0.5
,https://www.exemplo.com.br,10/03/2022,daily,0.5
,https://www.exemplo.com.br,10/03/2022,daily,0.5
,https://www.exemplo.com.br,10/03/2022,daily,0.5
,https://www.exemplo.com.br,10/03/2022,daily,0.5
,https://www.exemplo.com.br,10/03/2022,daily,0.5
,https://www.exemplo.com.br,10/03/2022,daily,0.5
,https://www.exemplo.com.br,10/03/2022,daily,0.5
,https://www.exemplo.com.br,10/03/2022,daily,0.5
,https://www.exemplo.com.br,10/03/2022,daily,0.5
,https://www.exemplo.com.br,10/03/2022,daily,0.5
,https://www.exemplo.com.br,10/03/2022,daily,0.5
,https://www.exemplo.com.br,10/03/2022,daily,0.5
,https://www.exemplo.com.br,10/03/2022,daily,0.5
,https://www.exemplo.com.br,10/03/2022,daily,0.5
,https://www.exemplo.com.br,10/03/2022,daily,0.5
,https://www.exemplo.com.br,10/03/2022,daily,0.5
,https://www.exemplo.com.br,10/03/2022,daily,0.5
,https://www.exemplo.com.br,10/03/2022,daily,0.5
,https://www.exemplo.com.br,10/03/2022,daily,0.5
,https://www.exemplo.com.br,10/03/2022,daily,0.5
,https://www.exemplo.com.br,10/03/2022,daily,0.5
,https://www.exemplo.com.br,10/03/2022,daily,0.5
,https://www.exemplo.com.br,10/03/2022,daily,0.5
,https://www.exemplo.com.br,10/03/2022,daily,0.5
,https://www.exemplo.com.br,10/03/2022,daily,0.5
,https://www.exemplo.com.br,10/03/2022,daily,0.5
,https://www.exemplo.com.br,10/03/2022,daily,0.5
,https://www.exemplo.com.br,10/03/2022,daily,0.5
,https://www.exemplo.com.br,10/03/2022,daily,0.5
,https://www.exemplo.com.br,10/03/2022,daily,0.5
,https://www.exemplo.com.br,10/03/2022,daily,0.5
,https://www.exemplo.com.br,10/03/2022,daily,0.5
,https://www.exemplo.com.br,10/03/2022,daily,0.5
,https://www.exemplo.com.br,10/03/2022,daily,0.5
,https://www.exemplo.com.br,10/03/2022,daily,0.5
,https://www.exemplo.com.br,10/03/2022,daily,0.5
,https://www.exemplo.com.br,10/03/2022,daily,0.5
,https://www.exemplo.com.br,10/03/2022,daily,0.5
,https://www.exemplo.com.br,10/03/2022,daily,0.5
,https://www.exemplo.com.br,10/03/2022,daily,0.5
,https://www.exemplo.com.br,10/03/2022,daily,0.5
,https://www.exemplo.com.br,10/03/2022,daily,0.5
,https://www.exemplo.com.br,10/03/2022,daily,0.5
,https://www.exemplo.com.br,10/03/2022,daily,0.5
,https://www.exemplo.com.br,10/03/2022,daily,0.5
,https://www.exemplo.com.br,10/03/2022,daily,0.5
,https://www.exemplo.com.br,10/03/2022,daily,0.5
,https://www.exemplo.com.br,10/03/2022,daily,0.5
,https://www.exemplo.com.br,10/03/2022,daily,0.5
,https://www.exemplo.com.br,10/03/2022,daily,0.5
,https://www.exemplo.com.br,10/03/2022,daily,0.5
,https://www.exemplo.com.br,10/03/2022,daily,0.5
,https://www.exemplo.com.br,10/03/2022,daily,0.5
,https://www.exemplo.com.br,10/03/2022,daily,0.5
,https://www.exemplo.com.br,10/03/2022,daily,0.5
,https://www.exemplo.com.br,10/03/2022,daily,0.5
,https://www.exemplo.com.br,10/03/2022,daily,0.5
,https://www.exemplo.com.br,10/03/2022,daily,0.5
,https://www.exemplo.com.br,10/03/2022,daily,0.5
,https://www.exemplo.com.br,10/03/2022,daily,0.5
,https://www.exemplo.com.br,10/03/2022,daily,0.5
,https://www.exemplo.com.br,10/03/2022,daily,0.5
,https://www.exemplo.com.br,10/03/2022,daily,0.5
,https://www.exemplo.com.br,10/03/2022,daily,0.5
,https://www.exemplo.com.br,10/03/2022,daily,0.5
,https://www.exemplo.com.br,10/03/2022,daily,0.5
,https://www.exemplo.com.br,10/03/2022,daily,0.5
,https://www.exemplo.com.br,10/03/2022,daily,0.5
,https://www.exemplo.com.br,10/03/2022,daily,0.5
,https://www.exemplo.com.br,10/03/2022,daily,0.5
,https://www.exemplo.com.br,10/03/2022,daily,0.5
,https://www.exemplo.com.br,10/03/2022,daily,0.5
,https://www.exemplo.com.br,10/03/2022,daily,0.5
,https://www.exemplo.com.br,10/03/2022,daily,0.5
,https://www.exemplo.com.br,10/03/2022,daily,0.5
,https://www.exemplo.com.br,10/03/2022,daily,0.5
,https://www.exemplo.com.br,10/03/2022,daily,0.5
,https://www.exemplo.com.br,10/03/2022,daily,0.5
,https://www.exemplo.com.br,10/03/2022,daily,0.5
,https://www.exemplo.com.br,10/03/2022,daily,0.5
,https://www.exemplo.com.br,10/03/2022,daily,0.5
,https://www.exemplo.com.br,10/03/2022,daily,0.5
,https://www.exemplo.com.br,10/03/2022,daily,0.5
,https://www.exemplo.com.br,10/03/2022,daily,0.5
,https://www.exemplo.com.br,10/03/2022,daily,0.5
,https://www.exemplo.com.br,10/03/2022,daily,0.5
,https://www.exemplo.com.br,10/03/2022,daily,0.5
,https://www.exemplo.com.br,10/03/2022,daily,0.5
,https://www.exemplo.com.br,10/03/2022,daily,0.5
,https://www.exemplo.com.br,10/03/2022,daily,0.5
,https://www.exemplo.com.br,10/03/2022,daily,0.5
,https://www.exemplo.com.br,10/03/2022,daily,0.5
,https://www.exemplo.com.br,10/03/2022,daily,0.5
,https://www.exemplo.com.br,10/03/2022,daily,0.5
,https://www.exemplo.com.br,10/03/2022,daily,0.5
,https://www.exemplo.com.br,10/03/2022,daily,0.5
,https://www.exemplo.com.br,10/03/2022,daily,0.5
,https://www.exemplo.com.br,10/03/2022,daily,0.5
,https://www.exemplo.com.br,10/03/2022,daily,0.5
,https://www.exemplo.com.br,10/03/2022,daily,0.5
,https://www.exemplo.com.br,10/03/2022,daily,0.5
,https://www.exemplo.com.br,10/03/2022,daily,0.5
,https://www.exemplo.com.br,10/03/2022,daily,0.5
,https://www.exemplo.com.br,10/03/2022,daily,0.5
,https://www.exemplo.com.br,10/03/2022,daily,0.5
,https://www.exemplo.com.br,10/03/2022,daily,0.5
,https://www.exemplo.com.br,10/03/2022,daily,0.5
,https://www.exemplo.com.br,10/03/2022,daily,0.5
,https://www.exemplo.com.br,10/03/2022,daily,0.5
,https://www.exemplo.com.br,10/03/2022,daily,0.5
,https://www.exemplo.com.br,10/03/2022,daily,0.5
,https://www.exemplo.com.br,10/03/2022,daily,0.5
,https://www.exemplo.com.br,10/03/2022,daily,0.5
,https://www.exemplo.com.br,10/03/2022,daily,0.5
,https://www.exemplo.com.br,10/03/2022,daily,0.5
,https://www.exemplo.com.br,10/03/2022,daily,0.5
,https://www.exemplo.com.br,10/03/2022,daily,0.5
,https://www.exemplo.com.br,10/03/2022,daily,0.5
,https://www.exemplo.com.br,10/03/2022,daily,0.5
,https://www.exemplo.com.br,10/03/2022,daily,0.5
,https://www.exemplo.com.br,10/03/2022,daily,0.5
,https://www.exemplo.com.br,10/03/2022,daily,0.5
,https://www.exemplo.com.br,10/03/2022,daily,0.5
,https://www.exemplo.com.br,10/03/2022,daily,0.5
,https://www.exemplo.com.br,10/03/2022,daily,0.5
,https://www.exemplo.com.br,10/03/2022,daily,0.5
,https://www.exemplo.com.br,10/03/2022,daily,0.5
,https://www.exemplo.com.br,10/03/2022,daily,0.5
,https://www.exemplo.com.br,10/03/2022,daily,0.5
,https://www.exemplo.com.br,10/03/2022,daily,0.5
,https://www.exemplo.com.br,10/03/2022,daily,0.5
,https://www.exemplo.com.br,10/03/2022,daily,0.5
,https://www.exemplo.com.br,10/03/2022,daily,0.5
,https://www.exemplo.com.br,10/03/2022,daily,0.5
,https://www.exemplo.com.br,10/03/2022,daily,0.5
,https://www.exemplo.com.br,10/03/2022,daily,0.5
,https://www.exemplo.com.br,10/03/2022,daily,0.5
,https://www.exemplo.com.br,10/03/2022,daily,0.5
,https://www.exemplo.com.br,10/03/2022,daily,0.5
,https://www.exemplo.com.br,10/03/2022,daily,0.5
,https://www.exemplo.com.br,10/03/2022,daily,0.5
,https://www.exemplo.com.br,10/03/2022,daily,0.5
,https://www.exemplo.com.br,10/03/2022,daily,0.5
,https://www.exemplo.com.br,10/03/2022,daily,0.5
,https://www.exemplo.com.br,10/03/2022,daily,0.5
,https://www.exemplo.com.br,10/03/2022,daily,0.5
,https://www.exemplo.com.br,10/03/2022,daily,0.5
,https://www.exemplo.com.br,10/03/2022,daily,0.5
,https://www.exemplo.com.br,10/03/2022,daily,0.5
,https://www.exemplo.com.br,10/03/2022,daily,0.5
,https://www.exemplo.com.br,10/03/2022,daily,0.5
,https://www.exemplo.com.br,10/03/2022,daily,0.5
,https://www.exemplo.com.br,10/03/2022,daily,0.5
,https://www.exemplo.com.br,10/03/2022,daily,0.5
,https://www.exemplo.com.br,10/03/2022,daily,0.5
,https://www.exemplo.com.br,10/03/2022,daily,0.5
,https://www.exemplo.com.br,10/03/2022,daily,0.5
,https://www.exemplo.com.br,10/03/2022,daily,0.5
,https://www.exemplo.com.br,10/03/2022,daily,0.5
,https://www.exemplo.com.br,10/03/2022,daily,0.5
,https://www.exemplo.com.br,10/03/2022,daily,0.5
,https://www.exemplo.com.br,10/03/2022,daily,0.5
,https://www.exemplo.com.br,10/03/2022,daily,0.5
,https://www.exemplo.com.br,10/03/2022,daily,0.5
,https://www.exemplo.com.br,10/03/2022,daily,0.5
,https://www.exemplo.com.br,10/03/2022,daily,0.5
,https://www.exemplo.com.br,10/03/2022,daily,0.5
,https://www.exemplo.com.br,10/03/2022,daily,0.5
,https://www.exemplo.com.br,10/03/2022,daily,0.5
,https://www.exemplo.com.br,10/03/2022,daily,0.5
,https://www.exemplo.com.br,10/03/2022,daily,0.5
,https://www.exemplo.com.br,10/03/2022,daily,0.5
,https://www.exemplo.com.br,10/03/2022,daily,0.5
,https://www.exemplo.com.br,10/03/2022,daily,0.5
,https://www.exemplo.com.br,10/03/2022,daily,0.5
,https://www.exemplo.com.br,10/03/2022,daily,0.5
,https://www.exemplo.com.br,10/03/2022,daily,0.5
,https://www.exemplo.com.br,10/03/2022,daily,0.5
,https://www.exemplo.com.br,10/03/2022,daily,0.5
,https://www.exemplo.com.br,10/03/2022,daily,0.5
,https://www.exemplo.com.br,10/03/2022,daily,0.5
,https://www.exemplo.com.br,10/03/2022,daily,0.5
,https://www.exemplo.com.br,10/03/2022,daily,0.5
,https://www.exemplo.com.br,10/03/2022,daily,0.5
,https://www.exemplo.com.br,10/03/2022,daily,0.5
,https://www.exemplo.com.br,10/03/2022,daily,0.5
,https://www.exemplo.com.br,10/03/2022,daily,0.5
,https://www.exemplo.com.br,10/03/2022,daily,0.5
,https://www.exemplo.com.br,10/03/2022,daily,0.5
,https://www.exemplo.com.br,10/03/2022,daily,0.5
,https://www.exemplo.com.br,10/03/2022,daily,0.5
,https://www.exemplo.com.br,10/03/2022,daily,0.5
,https://www.exemplo.com.br,10/03/2022,daily,0.5
,https://www.exemplo.com.br,10/03/2022,daily,0.5
,https://www.exemplo.com.br,10/03/2022,daily,0.5
,https://www.exemplo.com.br,10/03/2022,daily,0.5
,https://www.exemplo.com.br,10/03/2022,daily,0.5
,https://www.exemplo.com.br,10/03/2022,daily,0.5
,https://www.exemplo.com.br,10/03/2022,daily,0.5
,https://www.exemplo.com.br,10/03/2022,daily,0.5
,https://www.exemplo.com.br,10/03/2022,daily,0.5
,https://www.exemplo.com.br,10/03/2022,daily,0.5
,https://www.exemplo.com.br,10/03/2022,daily,0.5
,https://www.exemplo.com.br,10/03/2022,daily,0.5
,https://www.exemplo.com.br,10/03/2022,daily,0.5
,https://www.exemplo.com.br,10/03/2022,daily,0.5
,https://www.exemplo.com.br,10/03/2022,daily,0.5
,https://www.exemplo.com.br,10/03/2022,daily,0.5
,https://www.exemplo.com.br,10/03/2022,daily,0.5
,https://www.exemplo.com.br,10/03/2022,daily,0.5
,https://www.exemplo.com.br,10/03/2022,daily,0.5
,https://www.exemplo.com.br,10/03/2022,daily,0.5
,https://www.exemplo.com.br,10/03/2022,daily,0.5
,https://www.exemplo.com.br,10/03/2022,daily,0.5
,https://www.exemplo.com.br,10/03/2022,daily,0.5
,https://www.exemplo.com.br,10/03/2022,daily,0.5
,https://www.exemplo.com.br,10/03/2022,daily,0.5
,https://www.exemplo.com.br,10/03/2022,daily,0.5
,https://www.exemplo.com.br,10/03/2022,daily,0.5
,https://www.exemplo.com.br,10/03/2022,daily,0.5
,https://www.exemplo.com.br,10/03/2022,daily,0.5
,https://www.exemplo.com.br,10/03/2022,daily,0.5
,https://www.exemplo.com.br,10/03/2022,daily,0.5
,https://www.exemplo.com.br,10/03/2022,daily,0.5
,https://www.exemplo.com.br,10/03/2022,daily,0.5
,https://www.exemplo.com.br,10/03/2022,daily,0.5
,https://www.exemplo.com.br,10/03/2022,daily,0.5
,https://www.exemplo.com.br,10/03/2022,daily,0.5
,https://www.exemplo.com.br,10/03/2022,daily,0.5
,https://www.exemplo.com.br,10/03/2022,daily,0.5
,https://www.exemplo.com.br,10/03/2022,daily,0.5
,https://www.exemplo.com.br,10/03/2022,daily,0.5
,https://www.exemplo.com.br,10/03/2022,daily,0.5
,https://www.exemplo.com.br,10/03/2022,daily,0.5
,https://www.exemplo.com.br,10/03/2022,daily,0.5
,https://www.exemplo.com.br,10/03/2022,daily,0.5
,https://www.exemplo.com.br,10/03/2022,daily,0.5
,https://www.exemplo.com.br,10/03/2022,daily,0.5
,https://www.exemplo.com.br,10/03/2022,daily,0.5
,https://www.exemplo.com.br,10/03/2022,daily,0.5
,https://www.exemplo.com.br,10/03/2022,daily,0.5
,https://www.exemplo.com.br,10/03/2022,daily,0.5
,https://www.exemplo.com.br,10/03/2022,daily,0.5
,https://www.exemplo.com.br,10/03/2022,daily,0.5
,https://www.exemplo.com.br,10/03/2022,daily,0.5
,https://www.exemplo.com.br,10/03/2022,daily,0.5
,https://www.exemplo.com.br,10/03/2022,daily,0.5
,https://www.exemplo.com.br,10/03/2022,daily,0.5
,https://www.exemplo.com.br,10/03/2022,daily,0.5
,https://www.exemplo.com.br,10/03/2022,daily,0.5
,https://www.exemplo.com.br,10/03/2022,daily,0.5
,https://www.exemplo.com.br,10/03/2022,daily,0.5
,https://www.exemplo.com.br,10/03/2022,daily,0.5
,https://www.exemplo.com.br,10/03/2022,daily,0.5
,https://www.exemplo.com.br,10/03/2022,daily,0.5
,https://www.exemplo.com.br,10/03/2022,daily,0.5
,https://www.exemplo.com.br,10/03/2022,daily,0.5
,https://www.exemplo.com.br,10/03/2022,daily,0.5
,https://www.exemplo.com.br,10/03/2022,daily,0.5
,https://www.exemplo.com.br,10/03/2022,daily,0.5
,https://www.exemplo.com.br,10/03/2022,daily,0.5
,https://www.exemplo.com.br,10/03/2022,daily,0.5
,https://www.exemplo.com.br,10/03/2022,daily,0.5
,https://www.exemplo.com.br,10/03/2022,daily,0.5
,https://www.exemplo.com.br,10/03/2022,daily,0.5
,https://www.exemplo.com.br,10/03/2022,daily,0.5
,https://www.exemplo.com.br,10/03/2022,daily,0.5
,https://www.exemplo.com.br,10/03/2022,daily,0.5
,https://www.exemplo.com.br,10/03/2022,daily,0.5
,https://www.exemplo.com.br,10/03/2022,daily,0.5
,https://www.exemplo.com.br,10/03/2022,daily,0.5
,https://www.exemplo.com.br,10/03/2022,daily,0.5
,https://www.exemplo.com.br,10/03/2022,daily,0.5
,https://www.exemplo.com.br,10/03/2022,daily,0.5
,https://www.exemplo.com.br,10/03/2022,daily,0.5
,https://www.exemplo.com.br,10/03/2022,daily,0.5
,https://www.exemplo.com.br,10/03/2022,daily,0.5
,https://www.exemplo.com.br,10/03/2022,daily,0.5
,https://www.exemplo.com.br,10/03/2022,daily,0.5
,https://www.exemplo.com.br,10/03/2022,daily,0.5
,https://www.exemplo.com.br,10/03/2022,daily,0.5
,https://www.exemplo.com.br,10/03/2022,daily,0.5
,https://www.exemplo.com.br,10/03/2022,daily,0.5
,https://www.exemplo.com.br,10/03/2022,daily,0.5
,https://www.exemplo.com.br,10/03/2022,daily,0.5
,https://www.exemplo.com.br,10/03/2022,daily,0.5
,https://www.exemplo.com.br,10/03/2022,daily,0.5
,https://www.exemplo.com.br,10/03/2022,daily,0.5
,https://www.exemplo.com.br,10/03/2022,daily,0.5
,https://www.exemplo.com.br,10/03/2022,daily,0.5
,https://www.exemplo.com.br,10/03/2022,daily,0.5
,https://www.exemplo.com.br,10/03/2022,daily,0.5
,https://www.exemplo.com.br,10/03/2022,daily,0.5
,https://www.exemplo.com.br,10/03/2022,daily,0.5
,https://www.exemplo.com.br,10/03/2022,daily,0.5
,https://www.exemplo.com.br,10/03/2022,daily,0.5
,https://www.exemplo.com.br,10/03/2022,daily,0.5
,https://www.exemplo.com.br,10/03/2022,daily,0.5
,https://www.exemplo.com.br,10/03/2022,daily,0.5
,https://www.exemplo.com.br,10/03/2022,daily,0.5
,https://www.exemplo.com.br,10/03/2022,daily,0.5
,https://www.exemplo.com.br,10/03/2022,daily,0.5
,https://www.exemplo.com.br,10/03/2022,daily,0.5
,https://www.exemplo.com.br,10/03/2022,daily,0.5
,https://www.exemplo.com.br,10/03/2022,daily,0.5
,https://www.exemplo.com.br,10/03/2022,daily,0.5
,https://www.exemplo.com.br,10/03/2022,daily,0.5
,https://www.exemplo.com.br,10/03/2022,daily,0.5
,https://www.exemplo.com.br,10/03/2022,daily,0.5
,https://www.exemplo.com.br,10/03/2022,daily,0.5
,https://www.exemplo.com.br,10/03/2022,daily,0.5
,https://www.exemplo.com.br,10/03/2022,daily,0.5
,https://www.exemplo.com.br,10/03/2022,daily,0.5
,https://www.exemplo.com.br,10/03/2022,daily,0.5
,https://www.exemplo.com.br,10/03/2022,daily,0.5
,https://www.exemplo.com.br,10/03/2022,daily,0.5
,https://www.exemplo.com.br,10/03/2022,daily,0.5
,https://www.exemplo.com.br,10/03/2022,daily,0.5
,https://www.exemplo.com.br,10/03/2022,daily,0.5
,https://www.exemplo.com.br,10/03/2022,daily,0.5
,https://www.exemplo.com.br,10/03/2022,daily,0.5
,https://www.exemplo.com.br,10/03/2022,daily,0.5
,https://www.exemplo.com.br,10/03/2022,daily,0.5
,https://www.exemplo.com.br,10/03/2022,daily,0.5
,https://www.exemplo.com.br,10/03/2022,daily,0.5
,https://www.exemplo.com.br,10/03/2022,daily,0.5
,https://www.exemplo.com.br,10/03/2022,daily,0.5
,https://www.exemplo.com.br,10/03/2022,daily,0.5
,https://www.exemplo.com.br,10/03/2022,daily,0.5
,https://www.exemplo.com.br,10/03/2022,daily,0.5
,https://www.exemplo.com.br,10/03/2022,daily,0.5
,https://www.exemplo.com.br,10/03/2022,daily,0.5
,https://www.exemplo.com.br,10/03/2022,daily,0.5
,https://www.exemplo.com.br,10/03/2022,daily,0.5
,https://www.exemplo.com.br,10/03/2022,daily,0.5
,https://www.exemplo.com.br,10/03/2022,daily,0.5
,https://www.exemplo.com.br,10/03/2022,daily,0.5
,https://www.exemplo.com.br,10/03/2022,daily,0.5
,https://www.exemplo.com.br,10/03/2022,daily,0.5
,https://www.exemplo.com.br,10/03/2022,daily,0.5
,https://www.exemplo.com.br,10/03/2022,daily,0.5
,https://www.exemplo.com.br,10/03/2022,daily,0.5
,https://www.exemplo.com.br,10/03/2022,daily,0.5
,https://www.exemplo.com.br,10/03/2022,daily,0.5
,https://www.exemplo.com.br,10/03/2022,daily,0.5
,https://www.exemplo.com.br,10/03/2022,daily,0.5
,https://www.exemplo.com.br,10/03/2022,daily,0.5
,https://www.exemplo.com.br,10/03/2022,daily,0.5
,https://www.exemplo.com.br,10/03/2022,daily,0.5
,https://www.exemplo.com.br,10/03/2022,daily,0.5
,https://www.exemplo.com.br,10/03/2022,daily,0.5
,https://www.exemplo.com.br,10/03/2022,daily,0.5
,https://www.exemplo.com.br,10/03/2022,daily,0.5
,https://www.exemplo.com.br,10/03/2022,daily,0.5
,https://www.exemplo.com.br,10/03/2022,daily,0.5
,https://www.exemplo.com.br,10/03/2022,daily,0.5
,https://www.exemplo.com.br,10/03/2022,daily,0.5
,https://www.exemplo.com.br,10/03/2022,daily,0.5
,https://www.exemplo.com.br,10/03/2022,daily,0.5
,https://www.exemplo.com.br,10/03/2022,daily,0.5
,https://www.exemplo.com.br,10/03/2022,daily,0.5
,https://www.exemplo.com.br,10/03/2022,daily,0.5
,https://www.exemplo.com.br,10/03/2022,daily,0.5
,https://www.exemplo.com.br,10/03/2022,daily,0.5
,https://www.exemplo.com.br,10/03/2022,daily,0.5
,https://www.exemplo.com.br,10/03/2022,daily,0.5
,https://www.exemplo.com.br,10/03/2022,daily,0.5
,https://www.exemplo.com.br,10/03/2022,daily,0.5
,https://www.exemplo.com.br,10/03/2022,daily,0.5
,https://www.exemplo.com.br,10/03/2022,daily,0.5
,https://www.exemplo.com.br,10/03/2022,daily,0.5
,https://www.exemplo.com.br,10/03/2022,daily,0.5
,https://www.exemplo.com.br,10/03/2022,daily,0.5
,https://www.exemplo.com.br,10/03/2022,daily,0.5
,https://www.exemplo.com.br,10/03/2022,daily,0.5
,https://www.exemplo.com.br,10/03/2022,daily,0.5
,https://www.exemplo.com.br,10/03/2022,daily,0.5
,https://www.exemplo.com.br,10/03/2022,daily,0.5
,https://www.exemplo.com.br,10/03/2022,daily,0.5
,https://www.exemplo.com.br,10/03/2022,daily,0.5
,https://www.exemplo.com.br,10/03/2022,daily,0.5
,https://www.exemplo.com.br,10/03/2022,daily,0.5
,https://www.exemplo.com.br,10/03/2022,daily,0.5
,https://www.exemplo.com.br,10/03/2022,daily,0.5
,https://www.exemplo.com.br,10/03/2022,daily,0.5
,https://www.exemplo.com.br,10/03/2022,daily,0.5
,https://www.exemplo.com.br,10/03/2022,daily,0.5
,https://www.exemplo.com.br,10/03/2022,daily,0.5
,https://www.exemplo.com.br,10/03/2022,daily,0.5
,https://www.exemplo.com.br,10/03/2022,daily,0.5
,https://www.exemplo.com.br,10/03/2022,daily,0.5
,https://www.exemplo.com.br,10/03/2022,daily,0.5
,https://www.exemplo.com.br,10/03/2022,daily,0.5
,https://www.exemplo.com.br,10/03/2022,daily,0.5
,https://www.exemplo.com.br,10/03/2022,daily,0.5
,https://www.exemplo.com.br,10/03/2022,daily,0.5
,https://www.exemplo.com.br,10/03/2022,daily,0.5
,https://www.exemplo.com.br,10/03/2022,daily,0.5
,https://www.exemplo.com.br,10/03/2022,daily,0.5
,https://www.exemplo.com.br,10/03/2022,daily,0.5
,https://www.exemplo.com.br,10/03/2022,daily,0.5
,https://www.exemplo.com.br,10/03/2022,daily,0.5
,https://www.exemplo.com.br,10/03/2022,daily,0.5
,https://www.exemplo.com.br,10/03/2022,daily,0.5
,https://www.exemplo.com.br,10/03/2022,daily,0.5
,https://www.exemplo.com.br,10/03/2022,daily,0.5
,https://www.exemplo.com.br,10/03/2022,daily,0.5
,https://www.exemplo.com.br,10/03/2022,daily,0.5
,https://www.exemplo.com.br,10/03/2022,daily,0.5
,https://www.exemplo.com.br,10/03/2022,daily,0.5
,https://www.exemplo.com.br,10/03/2022,daily,0.5
,https://www.exemplo.com.br,10/03/2022,daily,0.5
,https://www.exemplo.com.br,10/03/2022,daily,0.5
,https://www.exemplo.com.br,10/03/2022,daily,0.5
,https://www.exemplo.com.br,10/03/2022,daily,0.5
,https://www.exemplo.com.br,10/03/2022,daily,0.5
,https://www.exemplo.com.br,10/03/2022,daily,0.5
,https://www.exemplo.com.br,10/03/2022,daily,0.5
,https://www.exemplo.com.br,10/03/2022,daily,0.5
,https://www.exemplo.com.br,10/03/2022,daily,0.5
,https://www.exemplo.com.br,10/03/2022,daily,0.5
,https://www.exemplo.com.br,10/03/2022,daily,0.5
,https://www.exemplo.com.br,10/03/2022,daily,0.5
,https://www.exemplo.com.br,10/03/2022,daily,0.5
,https://www.exemplo.com.br,10/03/2022,daily,0.5
,https://www.exemplo.com.br,10/03/2022,daily,0.5
,https://www.exemplo.com.br,10/03/2022,daily,0.5
,https://www.exemplo.com.br,10/03/2022,daily,0.5
,https://www.exemplo.com.br,10/03/2022,daily,0.5
,https://www.exemplo.com.br,10/03/2022,daily,0.5
,https://www.exemplo.com.br,10/03/2022,daily,0.5
,https://www.exemplo.com.br,10/03/2022,daily,0.5
,https://www.exemplo.com.br,10/03/2022,daily,0.5
,https://www.exemplo.com.br,10/03/2022,daily,0.5
,https://www.exemplo.com.br,10/03/2022,daily,0.5
,https://www.exemplo.com.br,10/03/2022,daily,0.5
,https://www.exemplo.com.br,10/03/2022,daily,0.5
,https://www.exemplo.com.br,10/03/2022,daily,0.5
,https://www.exemplo.com.br,10/03/2022,daily,0.5
,https://www.exemplo.com.br,10/03/2022,daily,0.5
,https://www.exemplo.com.br,10/03/2022,daily,0.5
,https://www.exemplo.com.br,10/03/2022,daily,0.5
,https://www.exemplo.com.br,10/03/2022,daily,0.5
,https://www.exemplo.com.br,10/03/2022,daily,0.5
,https://www.exemplo.com.br,10/03/2022,daily,0.5
,https://www.exemplo.com.br,10/03/2022,daily,0.5
,https://www.exemplo.com.br,10/03/2022,daily,0.5
,https://www.exemplo.com.br,10/03/2022,daily,0.5
,https://www.exemplo.com.br,10/03/2022,daily,0.5
,https://www.exemplo.com.br,10/03/2022,daily,0.5
,https://www.exemplo.com.br,10/03/2022,daily,0.5
,https://www.exemplo.com.br,10/03/2022,daily,0.5
,https://www.exemplo.com.br,10/03/2022,daily,0.5
,https://www.exemplo.com.br,10/03/2022,daily,0.5
,https://www.exemplo.com.br,10/03/2022,daily,0.5
,https://www.exemplo.com.br,10/03/2022,daily,0.5
,https://www.exemplo.com.br,10/03/2022,daily,0.5
,https://www.exemplo.com.br,10/03/2022,daily,0.5
,https://www.exemplo.com.br,10/03/2022,daily,0.5
,https://www.exemplo.com.br,10/03/2022,daily,0.5
,https://www.exemplo.com.br,10/03/2022,daily,0.5
,https://www.exemplo.com.br,10/03/2022,daily,0.5
,https://www.exemplo.com.br,10/03/2022,daily,0.5
,https://www.exemplo.com.br,10/03/2022,daily,0.5
,https://www.exemplo.com.br,10/03/2022,daily,0.5
,https://www.exemplo.com.br,10/03/2022,daily,0.5
,https://www.exemplo.com.br,10/03/2022,daily,0.5
,https://www.exemplo.com.br,10/03/2022,daily,0.5
,https://www.exemplo.com.br,10/03/2022,daily,0.5
,https://www.exemplo.com.br,10/03/2022,daily,0.5
,https://www.exemplo.com.br,10/03/2022,daily,0.5
,https://www.exemplo.com.br,10/03/2022,daily,0.5
,https://www.exemplo.com.br,10/03/2022,daily,0.5
,https://www.exemplo.com.br,10/03/2022,daily,0.5
,https://www.exemplo.com.br,10/03/2022,daily,0.5
,https://www.exemplo.com.br,10/03/2022,daily,0.5
,https://www.exemplo.com.br,10/03/2022,daily,0.5
,https://www.exemplo.com.br,10/03/2022,daily,0.5
,https://www.exemplo.com.br,10/03/2022,daily,0.5
,https://www.exemplo.com.br,10/03/2022,daily,0.5
,https://www.exemplo.com.br,10/03/2022,daily,0.5
,https://www.exemplo.com.br,10/03/2022,daily,0.5
,https://www.exemplo.com.br,10/03/2022,daily,0.5
,https://www.exemplo.com.br,10/03/2022,daily,0.5
,https://www.exemplo.com.br,10/03/2022,daily,0.5
,https://www.exemplo.com.br,10/03/2022,daily,0.5
,https://www.exemplo.com.br,10/03/2022,daily,0.5
,https://www.exemplo.com.br,10/03/2022,daily,0.5
,https://www.exemplo.com.br,10/03/2022,daily,0.5
,https://www.exemplo.com.br,10/03/2022,daily,0.5
,https://www.exemplo.com.br,10/03/2022,daily,0.5
,https://www.exemplo.com.br,10/03/2022,daily,0.5
,https://www.exemplo.com.br,10/03/2022,daily,0.5
,https://www.exemplo.com.br,10/03/2022,daily,0.5
,https://www.exemplo.com.br,10/03/2022,daily,0.5
,https://www.exemplo.com.br,10/03/2022,daily,0.5
,https://www.exemplo.com.br,10/03/2022,daily,0.5
,https://www.exemplo.com.br,10/03/2022,daily,0.5
,https://www.exemplo.com.br,10/03/2022,daily,0.5
,https://www.exemplo.com.br,10/03/2022,daily,0.5
,https://www.exemplo.com.br,10/03/2022,daily,0.5
,https://www.exemplo.com.br,10/03/2022,daily,0.5
,https://www.exemplo.com.br,10/03/2022,daily,0.5
,https://www.exemplo.com.br,10/03/2022,daily,0.5
,https://www.exemplo.com.br,10/03/2022,daily,0.5
,https://www.exemplo.com.br,10/03/2022,daily,0.5
,https://www.exemplo.com.br,10/03/2022,daily,0.5
,https://www.exemplo.com.br,10/03/2022,daily,0.5
,https://www.exemplo.com.br,10/03/2022,daily,0.5
,https://www.exemplo.com.br,10/03/2022,daily,0.5
,https://www.exemplo.com.br,10/03/2022,daily,0.5
,https://www.exemplo.com.br,10/03/2022,daily,0.5
,https://www.exemplo.com.br,10/03/2022,daily,0.5
,https://www.exemplo.com.br,10/03/2022,daily,0.5
,https://www.exemplo.com.br,10/03/2022,daily,0.5
,https://www.exemplo.com.br,10/03/2022,daily,0.5
,https://www.exemplo.com.br,10/03/2022,daily,0.5
,https://www.exemplo.com.br,10/03/2022,daily,0.5
,https://www.exemplo.com.br,10/03/2022,daily,0.5
,https://www.exemplo.com.br,10/03/2022,daily,0.5
,https://www.exemplo.com.br,10/03/2022,daily,0.5
,https://www.exemplo.com.br,10/03/2022,daily,0.5
,https://www.exemplo.com.br,10/03/2022,daily,0.5
,https://www.exemplo.com.br,10/03/2022,daily,0.5
,https://www.exemplo.com.br,10/03/2022,daily,0.5
,https://www.exemplo.com.br,10/03/2022,daily,0.5